"","Site","kd"
"1","Rf42",0.290431773494969
"2","Rf44",0.355067465335037
"3","HIMB",0.215520606912984
"4","Rf10",0.142219436392114
