"","Season","Location","Site","mean.DLI","se.DLI"
"1","summer","SE","HIMB.mid.DLI",15.6272084705244,0.509078726450236
"2","summer","SW","Rf10.mid.DLI",9.31122358364634,0.405025158862465
"3","summer","NE","Rf42.mid.DLI",15.5651473638481,0.699438616926202
"4","summer","NW","Rf44.mid.DLI",11.3967289439697,0.570879001923899
"5","winter","SE","HIMB.mid.DLI",8.01702045798039,0.397953814110478
"6","winter","SW","Rf10.mid.DLI",2.80447351927692,0.343156384403087
"7","winter","NE","Rf42.mid.DLI",8.39929971180392,0.407950302328009
"8","winter","NW","Rf44.mid.DLI",8.14842008568627,0.596989001409356
