"","Season","Site","mean.DLI","SE"
"1","summer","HIMB.mid.DLI",15.6272084705244,0.509078726450236
"2","summer","Rf10.mid.DLI",9.31122358364634,0.405025158862465
"3","summer","Rf42.mid.DLI",15.5651473638481,0.699438616926202
"4","summer","Rf44.mid.DLI",11.3967289439697,0.570879001923899
"5","winter","HIMB.mid.DLI",8.01702045798039,0.397953814110478
"6","winter","Rf10.mid.DLI",2.80447351927692,0.343156384403087
"7","winter","Rf42.mid.DLI",8.39929971180392,0.407950302328009
"8","winter","Rf44.mid.DLI",8.14842008568627,0.596989001409356
